CREATE DATABASE QLDT

USE QLDT

--CREATE TABLE GIAOVIEN
CREATE TABLE GIAOVIEN
(
	MAGV CHAR(3),
	HOTEN NVARCHAR(50),
	LUONG FLOAT,
	PHAI NVARCHAR(3),
	NGSINH DATE,
	DIACHI NVARCHAR(50),
	GVQLCM CHAR(3),
	MABM VARCHAR(4)
	PRIMARY KEY (MAGV)
)


--CREATE TABLE GV_DT
CREATE TABLE GV_DT
(
	MAGV CHAR(3),
	DIENTHOAI CHAR(10),
	PRIMARY KEY (MAGV,DIENTHOAI)
)


--CREATE TABLE BOMON
CREATE TABLE BOMON
(
	MABM VARCHAR(4),
	TENBM NVARCHAR(30),
	PHONG CHAR(3),
	DIENTHOAI CHAR(10),
	TRUONGBM CHAR(3),
	MAKHOA VARCHAR(4),
	NGAYNHANCHUC DATE,
	PRIMARY KEY (MABM)
)


--CREATE TABLE KHOA
CREATE TABLE KHOA
(
	MAKHOA VARCHAR(4),
	TENKHOA NVARCHAR(30),
	NAMTL CHAR(4),
	PHONG CHAR(3),
	DIENTHOAI CHAR(10),
	TRUONGKHOA CHAR(3),
	NGAYNHANCHUC DATE,
	PRIMARY KEY (MAKHOA)
)


--CREATE TABLE DETAI
CREATE TABLE DETAI
(
	MADT CHAR(3),
	TENDT NVARCHAR(30),
	CAPQL NVARCHAR(10),
	KINHPHI FLOAT,
	NGAYBD DATE,
	NGAYKT DATE,
	MACD CHAR(4),
	GVCNDT CHAR(3),
	PRIMARY KEY (MADT)
)


--CREATE TABLE CHUDE
CREATE TABLE CHUDE
(
	MACD NCHAR(4),
	TENCD NVARCHAR(30),
	PRIMARY KEY (MACD)
)


--CREATE TABLE CONGVIEC
CREATE TABLE CONGVIEC
(
	MADT CHAR(3),
	SOTT CHAR(1),
	TENCV NVARCHAR(30),
	NGAYBD DATE,
	NGAYKT DATE,
	PRIMARY KEY (MADT,SOTT)
)


--CREATE TABLE THAMGIADT
CREATE TABLE THAMGIADT
(
	MAGV CHAR(3),
	MADT CHAR(3),
	STT CHAR(1),
	PHUCAP FLOAT,
	KETQUA NCHAR(3),
	PRIMARY KEY (MAGV,MADT,STT)
)


--CREATE TABLE NGUOI_THAN
CREATE TABLE NGUOI_THAN
(
	MAGV CHAR(3),
	TEN NVARCHAR(10),
	NGSINH DATE,
	PHAI NVARCHAR(3),
)

--------------------------------------------------------------

--ADD FOREIGN KEY GIAOVIEN
ALTER TABLE GIAOVIEN
ADD CONSTRAINT FK_GIAOVIEN_BOMON
FOREIGN KEY (MABM)
REFERENCES BOMON(MABM)

ALTER TABLE GIAOVIEN
ADD CONSTRAINT FK_GIAOVIEN_GIAOVIEN
FOREIGN KEY (GVQLCM)
REFERENCES GIAOVIEN(MAGV)


--ADD FOREIGN KEY GV_DT
ALTER TABLE GV_DT
ADD CONSTRAINT FK_GVDT_GIAOVIEN
FOREIGN KEY (MAGV)
REFERENCES GIAOVIEN(MAGV)


--ADD FOREIGN KEY BOMON
ALTER TABLE BOMON
ADD CONSTRAINT FK_BOMON_GIAOVIEN
FOREIGN KEY (TRUONGBM)
REFERENCES GIAOVIEN(MAGV)

ALTER TABLE BOMON
ADD CONSTRAINT FK_BOMON_KHOA
FOREIGN KEY (MAKHOA)
REFERENCES KHOA(MAKHOA)


--ADD FOREIGN KEY KHOA
ALTER TABLE KHOA
ADD CONSTRAINT FK_KHOA_GIAOVIEN
FOREIGN KEY (TRUONGKHOA)
REFERENCES GIAOVIEN(MAGV)


--ADD FOREIGN KEY DETAI
ALTER TABLE DETAI
ADD CONSTRAINT FK_DETAI_CHUDE
FOREIGN KEY (MACD)
REFERENCES CHUDE(MACD)

ALTER TABLE DETAI
ADD CONSTRAINT FK_DETAI_GIAOVIEN
FOREIGN KEY (GVCNDT)
REFERENCES GIAOVIEN(MAGV)


--ADD FOREIGN KEY CONGVIEC
ALTER TABLE CONGVIEC
ADD CONSTRAINT FK_CONGVIEC_DETAI
FOREIGN KEY (MADT)
REFERENCES DETAI(MADT)


--ADD FOREIGN KEY THAMGIADT
ALTER TABLE THAMGIADT
ADD CONSTRAINT FK_THAMGIADT_CONGVIEC
FOREIGN KEY (MADT,STT)
REFERENCES CONGVIEC(MADT,SOTT)

ALTER TABLE THAMGIADT
ADD CONSTRAINT FK_THAMGIADT_GIAOVIEN
FOREIGN KEY (MAGV)
REFERENCES GIAOVIEN(MAGV)


--ADD FOREIGN KEY NGUOI_THAN
ALTER TABLE NGUOI_THAN
ADD CONSTRAINT FK_NGUOI_THAN_GIAOVIEN
FOREIGN KEY (MAGV)
REFERENCES GIAOVIEN(MAGV)

--------------------------------------------------------------

--INSERT VALUE CHUDE
INSERT INTO CHUDE VALUES (N'NCPT',N'Nghiên cứu phát triển')
INSERT INTO CHUDE VALUES (N'QLGD',N'Quản lý giáo dục')
INSERT INTO CHUDE VALUES (N'ƯDCN',N'Ứng dụng công nghệ')



--INSERT TABLE DETAI
INSERT INTO DETAI(MADT,TENDT,CAPQL,KINHPHI,NGAYBD,NGAYKT,MACD)
VALUES('001',N'HTTT quản lý các trường ĐH',N'ĐHQG',20,'2007-10-20','2008-10-20',N'QLGD')

INSERT INTO DETAI(MADT,TENDT,CAPQL,KINHPHI,NGAYBD,NGAYKT,MACD)
VALUES('002',N'HTTT quản lý giáo vụ cho một Khoa',N'Trường',20,'2000-10-12','2001-10-12',N'QLGD')

INSERT INTO DETAI(MADT,TENDT,CAPQL,KINHPHI,NGAYBD,NGAYKT,MACD)
VALUES('003',N'Nghiên cứu chế tạo sợi Nanô Platin',N'ĐHQG',300,'2008-05-15','2010-05-15',N'NCPT')

INSERT INTO DETAI(MADT,TENDT,CAPQL,KINHPHI,NGAYBD,NGAYKT,MACD)
VALUES('004',N'Tạo vật liệu sinh học bằng màng ối người',N'Nhà nước',100,'2007-01-01','2009-12-31',N'NCPT')

INSERT INTO DETAI(MADT,TENDT,CAPQL,KINHPHI,NGAYBD,NGAYKT,MACD)
VALUES('005',N'Ứng dụng hóa học xanh',N'Trường',200,'2003-10-10','2004-12-10',N'ƯDCN')

INSERT INTO DETAI(MADT,TENDT,CAPQL,KINHPHI,NGAYBD,NGAYKT,MACD)
VALUES('006',N'Nghiên cứu tế bào gốc',N'Nhà nước',4000,'2006-10-20','2009-10-20',N'NCPT')

INSERT INTO DETAI(MADT,TENDT,CAPQL,KINHPHI,NGAYBD,NGAYKT,MACD)
VALUES('007',N'HTTT quản lý thư viện ở các trường ĐH',N'Trường',20,'2009-05-10','2010-05-10',N'QLGD')



--INSERT TABLE CONGVIEC
INSERT INTO CONGVIEC
VALUES ('001',1,N'Khởi tạo và Lập kế hoạch','2007-10-20','2008-12-20')

INSERT INTO CONGVIEC
VALUES ('001',2,N'Xác định yêu cầu','2008-12-21','2008-03-21')

INSERT INTO CONGVIEC
VALUES ('001',3,N'Phân tích hệ thống','2008-03-22','2008-05-22')

INSERT INTO CONGVIEC
VALUES ('001',4,N'Thiết kế hệ thống','2008-05-23','2008-06-23')

INSERT INTO CONGVIEC
VALUES ('001',5,N'Cài đặt thử nghiệm','2008-06-24','2008-10-20')

INSERT INTO CONGVIEC
VALUES ('002',1,N'Khởi tạo và Lập kế hoạch','2009-05-10','2009-07-10')

INSERT INTO CONGVIEC
VALUES ('002',2,N'Xác định yêu cầu','2009-07-11','2009-10-11')

INSERT INTO CONGVIEC
VALUES ('002',3,N'Phân tích hệ thống','2009-10-12','2009-12-20')

INSERT INTO CONGVIEC
VALUES ('002',4,N'Thiết kế hệ thống','2009-12-21','2010-03-22')

INSERT INTO CONGVIEC
VALUES ('002',5,N'Cài đặt thử nghiệm','2010-03-23','2010-05-10')

INSERT INTO CONGVIEC
VALUES ('006',1,N'Lấy mẫu','2006-10-20','2007-02-20')

INSERT INTO CONGVIEC
VALUES ('006',2,N'Nuôi cấy','2007-2-21','2008-08-21')



--INSERT TABLE GIAOVIEN
INSERT INTO GIAOVIEN (MAGV,HOTEN,LUONG,PHAI,NGSINH,DIACHI)
VALUES ('001',N'Nguyễn Hoài An',2000,N'Nam','1973-02-15',N'25/3 Lạc Long Quân, Q.10, TP HCM')

INSERT INTO GIAOVIEN (MAGV,HOTEN,LUONG,PHAI,NGSINH,DIACHI)
VALUES ('002',N'Trần Trà Hương',2500,N'Nữ','1960-06-20',N'125 Trần Hưng Đạo, Q.1, TP HCM')

INSERT INTO GIAOVIEN (MAGV,HOTEN,LUONG,PHAI,NGSINH,DIACHI)
VALUES ('003',N'Nguyễn Ngọc Ánh',2200,N'Nữ','1975-05-11',N'12/21 Võ Văn Ngân Thủ Đức, TP HCM')

INSERT INTO GIAOVIEN (MAGV,HOTEN,LUONG,PHAI,NGSINH,DIACHI)
VALUES ('004',N'Trương Nam Sơn',2300,N'Nam','1959-06-20',N'215 Lý Thường Kiệt, TP Biên Hòa')

INSERT INTO GIAOVIEN (MAGV,HOTEN,LUONG,PHAI,NGSINH,DIACHI)
VALUES ('005',N'Lý Hoàng Hà',2500,N'Nam','1954-10-23',N'22/5 Nguyễn Xí, Q.Bình Thạnh, TP HCM')

INSERT INTO GIAOVIEN (MAGV,HOTEN,LUONG,PHAI,NGSINH,DIACHI)
VALUES ('006',N'Trần Bạch Tuyết',1500,N'Nữ','1980-05-20',N'127 Hùng Vương, TP Mỹ Tho')

INSERT INTO GIAOVIEN (MAGV,HOTEN,LUONG,PHAI,NGSINH,DIACHI)
VALUES ('007',N'Nguyễn An Trung',2100,N'Nam','1976-06-05',N'234 3/2, TP Biên Hòa')

INSERT INTO GIAOVIEN (MAGV,HOTEN,LUONG,PHAI,NGSINH,DIACHI)
VALUES ('008',N'Trần Trung Hiếu',1800,N'Nam','1977-08-06',N'22/11 Lý Thường Kiệt, TP Mỹ Tho')

INSERT INTO GIAOVIEN (MAGV,HOTEN,LUONG,PHAI,NGSINH,DIACHI)
VALUES ('009',N'Trần Hoàng Nam',2000,N'Nam','1975-11-22',N'234 Trấn Não, An Phú, TP HCM')

INSERT INTO GIAOVIEN (MAGV,HOTEN,LUONG,PHAI,NGSINH,DIACHI)
VALUES ('010',N'Phạm Nam Thanh',1500,N'Nam','1980-12-12',N'221 Hùng Vương, Q.5, TP HCM')



--INSERT TABLE THAMGIADT
INSERT INTO THAMGIADT
VALUES ('001','002',1,0,null)

INSERT INTO THAMGIADT
VALUES ('001','002',2,2,null)

INSERT INTO THAMGIADT
VALUES ('002','001',4,2,N'Đạt')

INSERT INTO THAMGIADT
VALUES ('003','001',1,1,N'Đạt')

INSERT INTO THAMGIADT
VALUES ('003','001',2,0,N'Đạt')

INSERT INTO THAMGIADT
VALUES ('003','001',4,1,N'Đạt')

INSERT INTO THAMGIADT
VALUES ('003','002',2,0,null)

INSERT INTO THAMGIADT
VALUES ('004','006',1,0,N'Đạt')

INSERT INTO THAMGIADT
VALUES ('004','006',2,1,N'Đạt')

INSERT INTO THAMGIADT
VALUES ('006','006',2,1.5,N'Đạt')

INSERT INTO THAMGIADT
VALUES ('009','002',3,0.5,null)

INSERT INTO THAMGIADT
VALUES ('009','002',4,1.5,null)



--INSERT TABLE GV_DT
INSERT INTO GV_DT
VALUES ('001','0838912112')

INSERT INTO GV_DT
VALUES ('001','0903123123')

INSERT INTO GV_DT
VALUES ('002','0913454545')

INSERT INTO GV_DT
VALUES ('003','0838121212')

INSERT INTO GV_DT
VALUES ('003','0903656565')

INSERT INTO GV_DT
VALUES ('003','0937125125')

INSERT INTO GV_DT
VALUES ('006','0937888888')

INSERT INTO GV_DT
VALUES ('008','0653717171')

INSERT INTO GV_DT
VALUES ('008','0913232323')



--INSERT TABLE NGUOITHAN
INSERT INTO NGUOI_THAN
VALUES ('001',N'Hùng','1990-01-14',N'Nam')

INSERT INTO NGUOI_THAN
VALUES ('001',N'Thủy','1994-12-08',N'Nữ')

INSERT INTO NGUOI_THAN
VALUES ('003',N'Hà','1998-09-03',N'Nữ')

INSERT INTO NGUOI_THAN
VALUES ('003',N'Thu','1998-09-03',N'Nữ')

INSERT INTO NGUOI_THAN
VALUES ('007',N'Mai','2003-03-26',N'Nữ')

INSERT INTO NGUOI_THAN
VALUES ('007',N'Vy','2000-02-14',N'Nữ')

INSERT INTO NGUOI_THAN
VALUES ('008',N'Nam','1991-05-06',N'Nam')

INSERT INTO NGUOI_THAN
VALUES ('009',N'An','1996-08-19',N'Nam')

INSERT INTO NGUOI_THAN
VALUES ('010',N'Nguyệt','2006-01-14',N'Nữ')




--INSERT TABLE KHOA
INSERT INTO KHOA
VALUES (N'CNTT',N'Công nghệ thông tin',1995,'B11','0838123456','002','2005-02-20')

INSERT INTO KHOA
VALUES (N'HH',N'Hóa học',1980,'B41','0838456456','007','2001-10-15')

INSERT INTO KHOA
VALUES (N'SH',N'Sinh học',1980,'B31','0838454545','004','2000-10-11')

INSERT INTO KHOA
VALUES (N'VL',N'Vật Lý',1976,'B21','0838223223','005','2003-09-18')



--INSERT TABLE BOMON
INSERT INTO BOMON
VALUES (N'CNTT',N'Công nghệ tri thức',N'B15','0838126126',null,N'CNTT',null)

INSERT INTO BOMON
VALUES (N'HHC',N'Hóa hữu cơ',N'B44','0838222222',null,N'HH',null)

INSERT INTO BOMON
VALUES (N'HL',N'Hóa lý',N'B42','0838878787',null,N'HH',null)

INSERT INTO BOMON
VALUES (N'HPT',N'Hóa phân tích',N'B43','0838777777','007',N'HH','2007-10-15')

INSERT INTO BOMON
VALUES (N'HTTT',N'Hệ thống thông tin',N'B13','0838125125','002',N'CNTT','2004-09-20')

INSERT INTO BOMON
VALUES (N'MMT',N'Mạng máy tính',N'B16','0838676767','001',N'CNTT','2005-05-15')

INSERT INTO BOMON
VALUES (N'SH',N'Sinh hóa',N'B33','0838898989',null,N'SH',null)

INSERT INTO BOMON
VALUES (N'VLĐT',N'Vật lý điện tử',N'B23','0838234234',null,N'VL',null)

INSERT INTO BOMON
VALUES (N'VLƯD',N'Vật lý ứng dụng',N'B24','0838454545','005',N'VL','2006-02-18')

INSERT INTO BOMON
VALUES (N'VS',N'Vi sinh',N'B32','0838909090','004',N'SH','2007-01-01')



--UPDATE TABLE GIAOVIEN
UPDATE GIAOVIEN
SET MABM ='MMT'
WHERE MAGV ='001'

UPDATE GIAOVIEN
SET MABM ='HTTT'
WHERE MAGV = '002'

UPDATE GIAOVIEN
SET MABM = 'HTTT', GVQLCM='002'
WHERE MAGV = '003'

UPDATE GIAOVIEN 
SET MABM = 'VS'
WHERE MAGV = '004'

UPDATE GIAOVIEN
SET MABM = N'VLĐT'
WHERE MAGV = '005'

UPDATE GIAOVIEN
SET MABM='VS',GVQLCM='004'
WHERE MAGV = '006'

UPDATE GIAOVIEN
SET MABM = 'HPT'
WHERE MAGV ='007'

UPDATE GIAOVIEN
SET MABM = 'HPT', GVQLCM ='007'
WHERE MAGV ='008'

UPDATE GIAOVIEN
SET MABM ='MMT', GVQLCM = '001'
WHERE MAGV = '009'

UPDATE GIAOVIEN
SET MABM ='HPT', GVQLCM ='007'
WHERE MAGV ='010'




--UPDATE TABLE DETAI
UPDATE DETAI
SET GVCNDT = '002'
WHERE MADT = '001'

UPDATE DETAI
SET GVCNDT = '002'
WHERE MADT = '002'

UPDATE DETAI
SET GVCNDT = '005'
WHERE MADT = '003'

UPDATE DETAI
SET GVCNDT = '004'
WHERE MADT = '004'

UPDATE DETAI
SET GVCNDT = '007'
WHERE MADT = '005'

UPDATE DETAI
SET GVCNDT = '004'
WHERE MADT = '006'

UPDATE DETAI
SET GVCNDT = '001'
WHERE MADT = '007'